<suite name="wallethub.com">
<parameter name = "browsername" value ="chrome"/>
<test name ="ASSIGNMENT 2">
<classes>
<class name="test.wallethub.CreditScore">
<methods>
<parameter name ="url" value="https://wallethub.com/profile/test_insurance_company/"/>
<parameter name="USERID" value="Enter Value"/>
<parameter name="passwrod" value="Enter Value"/>
<include name ="lightUser"/>
</methods>
</class>
</classes>
</test>
<parameter name = "browsername" value ="chrome"/>
<test name ="ASSIGNMENT 1">
<classes>
<class name="test.facebook.SignInOut">
<methods>
<parameter name ="url2" value="https://www.facebook.com/"/>
<parameter name="username" value="Enter Value"/>
<parameter name="passwrod" value="Enter Value"/>
<include name ="verifySignOut"/>
</methods>
</class>
</classes>
</test>
</suite>